Name,"Continent(1=N.America, 2=S.America, 3=Europe, 4=Africa, 4=Asia, 6=Oceania)",Zone,Area,Population(in millions),Language,religion,bars,stripes,colours,red,green,blue,gold,white,black,orange,mainhue,circles,crosses,saltires,quarters,sunstars,crescent,triangle,icon,animate,text,topleft,botright,FILENAME
Ireland,3,4,70,3,1,0,3,0,3,0,1,0,0,1,0,1,white,0,0,0,0,0,0,0,0,0,0,green,orange,AF.svg
Argentina,2,3,2777,44.49,2,0,0,3,3,0,0,1,1,1,0,0,blue,0,0,0,0,1,0,0,0,0,0,blue,blue,AX.svg
Bolivia,2,3,1099,6,2,0,0,3,3,1,1,0,1,0,0,0,red,0,0,0,0,0,0,0,0,0,0,red,green,AL.svg
Chile,2,3,757,11,2,0,0,2,3,1,0,1,0,1,0,0,red,0,0,0,1,1,0,0,0,0,0,blue,red,DZ.svg
Colombia,2,4,1139,28,2,0,0,3,3,1,0,1,1,0,0,0,gold,0,0,0,0,0,0,0,0,0,0,gold,red,AS.svg
Costa Rica,1,4,51,2,2,0,0,5,3,1,0,1,0,1,0,0,blue,0,0,0,0,0,0,0,0,0,0,blue,blue,AD.svg
Dominican Republic,1,4,49,6,2,0,0,0,3,1,0,1,0,1,0,0,blue,0,1,0,0,0,0,0,0,0,0,blue,blue,AO.svg
Ecuador,2,3,284,8,2,0,0,3,3,1,0,1,1,0,0,0,gold,0,0,0,0,0,0,0,0,0,0,gold,red,AI.svg
El Salvador,1,4,21,5,2,0,0,3,2,0,0,1,0,1,0,0,blue,0,0,0,0,0,0,0,0,0,0,blue,blue,AQ.svg
Guatemala,1,4,109,8,2,0,3,0,2,0,0,1,0,1,0,0,blue,0,0,0,0,0,0,0,0,0,0,blue,blue,AG.svg
Honduras,1,4,112,4,2,0,0,3,2,0,0,1,0,1,0,0,blue,0,0,0,0,5,0,0,0,0,0,blue,blue,AR.svg
Mexico,1,4,1973,77,2,0,3,0,4,1,1,0,0,1,0,1,green,0,0,0,0,0,0,0,0,1,0,green,red,AM.svg
Nicaragua,1,4,128,3,2,0,0,3,2,0,0,1,0,1,0,0,blue,0,0,0,0,0,0,0,0,0,0,blue,blue,AW.svg
Panama,2,4,76,2,2,0,0,0,3,1,0,1,0,1,0,0,red,0,0,0,4,2,0,0,0,0,0,white,white,AU.svg
Paraguay,2,3,407,3,2,0,0,3,6,1,1,1,1,1,1,0,red,1,0,0,0,1,0,0,1,1,1,red,blue,AT.svg
Peru,2,3,1285,14,2,0,3,0,2,1,0,0,0,1,0,0,red,0,0,0,0,0,0,0,0,0,0,red,red,AZ.svg
Puerto Rico,1,4,9,3,2,0,0,5,3,1,0,1,0,1,0,0,red,0,0,0,0,1,0,1,0,0,0,red,red,BS.svg
Spain,3,4,505,38,2,0,0,3,2,1,0,0,1,0,0,0,red,0,0,0,0,0,0,0,0,0,0,red,red,BH.svg
Croatia,,,,4.08,,0,0,3,3,1,0,1,0,1,0,0,red,0,0,0,0,0,0,0,1,0,0,red,blue,KY.svg
Curaçao,,,,0.16,,0,0,1,3,0,0,1,1,1,0,0,blue,0,0,0,0,2,0,0,0,0,0,blue,blue,CF.svg
Democratic Republic of the Congo,,,,84.07,,0,0,0,3,1,0,1,1,0,0,0,blue,0,0,0,0,1,0,0,0,0,0,blue,blue,TD.svg
Eritrea,,,,3.21,,0,0,0,4,1,1,1,1,0,0,0,red,0,0,0,0,0,0,3,1,0,0,red,blue,CL.svg
French Polynesia,,,,0.3,,0,0,3,4,1,0,1,1,1,0,0,red,0,0,0,0,0,0,0,1,0,0,red,red,CN.svg
Georgia,,,,3.72,,0,0,0,2,1,0,0,0,1,0,0,white,0,5,0,4,0,0,0,0,0,0,white,white,CX.svg
Guernsey,,,,0.07,,0,0,0,3,1,0,0,1,1,0,0,white,0,2,0,0,0,0,0,0,0,0,white ,white,CC.svg
Micronesia (Federated States of),,,,0.11,,0,0,0,2,0,0,1,0,1,0,0,blue,0,0,0,0,4,0,0,0,0,0,blue,blue,CO.svg
New Caledonia,,,,0.28,,0,0,3,5,1,1,1,1,0,1,0,blue,1,0,0,0,0,0,0,1,0,0,blue,green,KM.svg
Northern Mariana Islands,,,,0.057,,0,0,0,5,1,0,1,0,1,0,1,blue,0,0,0,0,1,0,0,1,0,0,blue,blue,CG.svg
Slovakia,,,,5.45,,0,0,3,3,1,0,1,0,1,0,0,white,0,0,0,0,0,0,0,1,0,0,white,red,CK.svg
Slovenia,,,,2.08,,0,0,3,4,1,0,1,1,1,0,0,white,0,0,0,0,3,0,0,1,0,0,white,red,CR.svg
Timor-Leste,,,,1.27,,0,0,0,4,1,0,0,1,1,1,0,red,0,0,0,0,1,0,2,0,0,0,red,red,CI.svg
United Kingdom,,,,66.65,,0,0,0,3,1,0,1,0,1,0,0,red,0,2,2,0,0,0,8,0,0,0,blue,blue,HR.svg
American-Samoa,6,3,0,0.06,1,1,0,0,5,1,0,1,1,1,0,1,blue,0,0,0,0,0,0,1,1,1,0,blue,red,CU.svg
Anguilla,1,4,0,15,1,1,0,1,3,0,0,1,0,1,0,1,white,0,0,0,0,0,0,0,0,1,0,white,blue,CW.svg
Antigua-Barbuda,1,4,0,0.1,1,1,0,1,5,1,0,1,1,1,1,0,red,0,0,0,0,1,0,1,0,0,0,black,red,CY.svg
Australia,6,2,7690,24.99,1,1,0,0,3,1,0,1,0,1,0,0,blue,0,1,1,1,6,0,0,0,0,0,white,blue,KP.svg
Bahamas,1,4,19,0.38,1,1,0,3,3,0,0,1,1,0,1,0,blue,0,0,0,0,0,0,1,0,0,0,blue,blue,CS.svg
Barbados,1,4,0,0.29,1,1,3,0,3,0,0,1,1,0,1,0,blue,0,0,0,0,0,0,0,1,0,0,blue,blue,CD.svg
Denmark,3,1,43,5,6,1,0,0,2,1,0,0,0,1,0,0,red,0,1,0,0,0,0,0,0,0,0,red,red,GY.svg
Greece,3,1,132,10,6,1,0,9,2,0,0,1,0,1,0,0,blue,0,1,0,1,0,0,0,0,0,0,blue,blue,HT.svg
Greenland,1,4,2176,0,6,1,0,0,2,1,0,0,0,1,0,0,white,1,0,0,0,0,0,0,0,0,0,white,red,HN.svg
Iceland,3,4,103,0,6,1,0,0,3,1,0,1,0,1,0,0,blue,0,1,0,0,0,0,0,0,0,0,blue,blue,HK.svg
Netherlands,3,1,41,14,6,1,0,3,3,1,0,1,0,1,0,0,red,0,0,0,0,0,0,0,0,0,0,red,blue,HU.svg
Netherlands-Antilles,1,4,0,0,6,1,0,1,3,1,0,1,0,1,0,0,white,0,0,0,0,6,0,0,0,0,0,white,white,IS.svg
Norway,3,1,324,4,6,1,0,0,3,1,0,1,0,1,0,0,red,0,1,0,0,0,0,0,0,0,0,red,red,IN.svg
South Africa,4,2,1221,29,6,1,0,3,5,1,1,1,0,1,0,1,orange,0,1,1,0,0,0,0,0,0,0,orange,blue,ID.svg
Suriname,2,4,63,0,6,1,0,5,4,1,1,0,1,1,0,0,red,0,0,0,0,1,0,0,0,0,0,green,green,IR.svg
Sweden,3,1,450,8,6,1,0,0,2,0,0,1,1,0,0,0,blue,0,1,0,0,0,0,0,0,0,0,blue,blue,IQ.svg
Vanuatu,6,2,15,0,6,1,0,0,4,1,1,0,1,0,1,0,red,0,0,0,0,0,0,1,0,1,0,black,green,IE.svg
Finland,3,1,337,5,9,1,0,0,2,0,0,1,0,1,0,0,white,0,1,0,0,0,0,0,0,0,0,white,white,IM.svg
Ethiopia,4,1,1222,31,10,1,0,3,3,1,1,0,1,0,0,0,green,0,0,0,0,0,0,0,0,0,0,green,red,IL.svg
Marianas,6,1,0,0,10,1,0,0,3,0,0,1,0,1,0,0,blue,0,0,0,0,1,0,0,1,0,0,blue,blue,IT.svg
Micronesia,6,1,1,0,10,1,0,0,2,0,0,1,0,1,0,0,blue,0,0,0,0,4,0,0,0,0,0,blue,blue,JM.svg
Nauru,6,2,0,0,10,1,0,3,3,0,0,1,1,1,0,0,blue,0,0,0,0,1,0,0,0,0,0,blue,blue,JP.svg
Swaziland,4,2,17,1,10,1,0,5,7,1,0,1,1,1,1,1,blue,0,0,0,0,0,0,0,1,0,0,blue,blue,JE.svg
Tonga,6,2,1,0,10,1,0,0,2,1,0,0,0,1,0,0,red,0,1,0,1,0,0,0,0,0,0,white,red,JO.svg
Åland Islands,,,,0.03,,1,0,0,3,1,0,0,1,0,0,0,blue,0,2,0,0,0,0,0,0,0,0,blue,blue,KH.svg
Armenia,,,,2.96,,1,0,3,3,1,0,1,0,0,0,1,red,0,0,0,0,0,0,0,0,0,0,red,yellow,KZ.svg
Belarus,,,,9.47,,1,1,2,4,1,1,0,0,1,0,0,red,0,0,0,0,0,0,0,0,0,0,red,green,KE.svg
Faroe Islands (Associate Member),,,,0.05,,1,0,0,3,1,0,1,0,1,0,0,white,0,2,0,0,0,0,0,0,0,0,white,white,KI.svg
Germany,,,,83.02,,1,0,3,3,1,0,0,1,0,1,0,black,0,0,0,0,0,0,0,0,0,0,black,yellow,KW.svg
Isle of Man,,,,0.08,,1,0,0,3,1,0,0,1,1,0,0,red,0,0,0,0,0,0,0,1,0,0,red,red,KG.svg
Jersey,,,,0.1,,1,0,0,3,1,0,0,1,1,0,0,white,0,0,1,0,0,0,0,1,0,0,red,red,LA.svg
Latvia,,,,2,,1,0,3,2,1,0,0,0,1,0,0,red,0,0,0,0,0,0,0,0,0,0,red,red,LV.svg
Lithuania,,,,2.8,,1,3,0,3,1,1,0,1,0,0,0,yellow,0,0,0,0,0,0,0,0,0,0,yellow,red,LB.svg
Madagascar,,,,26.26,,1,1,2,3,1,1,0,0,1,0,0,white,0,0,0,0,0,0,0,0,0,0,white,green,LS.svg
Marshall Islands,,,,0.06,,1,0,0,3,0,0,1,1,1,0,0,green,0,0,0,0,1,0,0,0,0,0,blue,blue,LR.svg
Montenegro,,,,0.62,,1,0,0,4,1,1,1,1,0,0,0,red,0,0,0,0,0,0,0,1,1,0,gold,gold,LY.svg
Namibia,,,,2.45,,1,0,0,5,1,1,1,1,1,0,0,green,0,0,0,0,1,0,0,0,0,0,blue,green,LI.svg
Palau,,,,0.02,,1,0,0,2,0,0,1,1,0,0,0,blue,1,0,0,0,0,0,0,0,0,0,blue,blue,LT.svg
Republic of Moldova,,,,3.55,,1,3,0,4,1,0,1,1,0,0,1,gold,0,0,0,0,1,0,0,1,2,0,blue,red,LU.svg
Réunion,,,,0.86,,1,0,0,3,1,0,1,1,0,0,0,blue,0,0,0,0,0,0,1,0,0,0,gold,red,MO.svg
Russia,,,,144.5,,1,0,3,3,1,0,1,0,1,0,0,white,0,0,0,0,0,0,0,0,0,0,white,red,MG.svg
Serbia,,,,6.96,,1,0,3,4,1,0,1,1,1,0,0,red,0,0,0,0,0,0,0,1,1,0,red,white,MW.svg
The former Yugoslav Republic of Macedonia,,,,2.07,,1,0,0,2,1,0,0,1,0,0,0,gold,0,0,0,0,1,0,0,0,0,0,red,red,MY.svg
Tokelau (Associate Member),,,,0.001,,1,0,0,3,0,0,1,1,1,0,0,blue,0,0,0,0,4,0,0,1,0,0,blue,blue,MV.svg
Ukraine,,,,41.98,,1,0,2,2,0,0,1,1,0,0,0,blue,0,0,0,0,0,0,0,0,0,0,blue,gold,ML.svg
United Republic of Tanzania,,,,56.32,,1,0,0,4,0,1,1,1,0,1,0,green,0,0,0,0,0,0,2,0,0,0,green,blue,MT.svg
Comoros,4,2,2,0,3,2,0,0,2,0,1,0,0,1,0,0,green,0,0,0,0,4,1,0,0,0,0,green,green,MP.svg
Djibouti,4,1,22,0,3,2,0,0,4,1,1,1,0,1,0,0,blue,0,0,0,0,1,0,1,0,0,0,white,green,MH.svg
Guinea,4,4,246,6,3,2,3,0,3,1,1,0,1,0,0,0,gold,0,0,0,0,0,0,0,0,0,0,red,green,MR.svg
Mali,4,4,1240,7,3,2,3,0,3,1,1,0,1,0,0,0,gold,0,0,0,0,0,0,0,0,0,0,green,red,MU.svg
Niger,4,1,1267,5,3,2,0,3,3,0,1,0,0,1,0,1,orange,1,0,0,0,0,0,0,0,0,0,orange,green,MX.svg
Senegal,4,4,196,6,3,2,3,0,3,1,1,0,1,0,0,0,green,0,0,0,0,1,0,0,0,0,0,green,red,FM.svg
Bangladesh,5,1,143,161.4,6,2,0,0,2,1,1,0,0,0,0,0,green,1,0,0,0,0,0,0,0,0,0,green,green,FM.svg
Iran,5,1,1648,39,6,2,0,3,3,1,1,0,0,1,0,0,red,0,0,0,0,0,0,0,1,0,1,green,red,MC.svg
Pakistan,5,1,804,84,6,2,1,0,2,0,1,0,0,1,0,0,green,0,0,0,0,1,1,0,0,0,0,white,green,MN.svg
Algeria,4,1,2388,42.23,8,2,2,0,3,1,1,0,0,1,0,0,green,0,0,0,0,1,1,0,0,0,0,green,white,ME.svg
Bahrain,5,1,1,1.57,8,2,0,0,2,1,0,0,0,1,0,0,red,0,0,0,0,0,0,0,0,0,0,white,red,MS.svg
Egypt,4,1,1001,47,8,2,0,3,4,1,0,0,1,1,1,0,black,0,0,0,0,0,0,0,0,1,1,red,black,MA.svg
Iraq,5,1,435,14,8,2,0,3,4,1,1,0,0,1,1,0,red,0,0,0,0,3,0,0,0,0,0,red,black,MZ.svg
Jordan,5,1,98,2,8,2,0,3,4,1,1,0,0,1,1,0,black,0,0,0,0,1,0,1,0,0,0,black,green,MM.svg
Kuwait,5,1,18,2,8,2,0,3,4,1,1,0,0,1,1,0,green,0,0,0,0,0,0,0,0,0,0,green,red,NA.svg
Lebanon,5,1,10,3,8,2,0,2,4,1,1,0,0,1,0,1,red,0,0,0,0,0,0,0,0,1,0,red,red,NR.svg
Libya,4,1,1760,3,8,2,0,0,1,0,1,0,0,0,0,0,green,0,0,0,0,0,0,0,0,0,0,green,green,NP.svg
Mauritania,4,4,1031,2,8,2,0,0,2,0,1,0,1,0,0,0,green,0,0,0,0,1,1,0,0,0,0,green,green,NL.svg
Morocco,4,4,447,20,8,2,0,0,2,1,1,0,0,0,0,0,red,0,0,0,0,1,0,0,0,0,0,red,red,AN.svg
Oman,5,1,212,1,8,2,0,2,3,1,1,0,0,1,0,0,red,0,0,0,0,0,0,0,1,0,0,red,green,NC.svg
Palestine,,,,4.57,,2,0,3,4,1,1,0,0,1,1,0,black,0,0,0,0,0,0,1,0,0,0,red,green,PL.svg
Syrian Arab Republic,,,,16.91,,2,0,3,4,1,1,0,0,1,1,0,red,0,0,0,0,2,0,0,0,0,0,red,black,PT.svg
Tajikistan,,,,9.1,,2,0,3,4,1,1,0,1,1,0,0,red,0,0,0,0,7,0,0,1,0,0,red,green,PR.svg
Turkmenistan,,,,5.85,,2,1,0,3,1,1,0,0,1,0,0,green,0,0,0,0,5,1,0,1,0,0,green,green,QA.svg
Uzbekistan,,,,32.96,,2,0,5,4,1,1,1,0,1,0,0,white,0,0,0,0,12,1,0,0,0,0,blue,green,MD.svg
Western Sahara,,,,0.597,,2,0,3,4,1,1,0,0,1,1,0,black,0,0,0,0,1,1,1,0,0,0,black,green,RE.svg
Yemen,,,,28.5,,2,0,3,3,1,0,0,0,1,1,0,red,0,0,0,0,0,0,0,0,0,0,red,black,RO.svg
Hong Kong,5,1,1,5,7,3,0,0,6,1,1,1,1,1,0,1,blue,1,1,1,1,0,0,0,1,1,1,white,blue,RU.svg
Singapore,5,1,1,3,7,3,0,2,2,1,0,0,0,1,0,0,white,0,0,0,0,5,1,0,0,0,0,red,white,RW.svg
Sri Lanka,5,1,66,15,10,3,2,0,4,0,1,0,1,0,0,1,gold,0,0,0,0,0,0,0,1,1,0,gold,gold,ST.svg
Thailand,5,1,514,49,10,3,0,5,3,1,0,1,0,1,0,0,red,0,0,0,0,0,0,0,0,0,0,red,red,SA.svg
Cambodia,,,,16.25,,3,3,0,3,1,0,1,0,1,0,0,red,0,0,0,0,0,0,0,1,0,0,blue,blue,SN.svg
Macao,,,,0.63,,3,0,0,3,0,1,0,1,1,0,0,green,0,0,0,0,5,0,0,0,1,0,green,green,RS.svg
Guyana,2,4,215,1,1,4,0,0,5,1,1,0,1,1,1,0,green,0,0,0,0,0,0,1,0,0,0,black,green,SC.svg
Mauritius,4,2,2,1,1,4,0,4,4,1,1,1,1,0,0,0,red,0,0,0,0,0,0,0,0,0,0,red,green,SL.svg
India,5,1,3268,684,6,4,0,3,4,0,1,1,0,1,0,1,orange,1,0,0,0,0,0,0,1,0,0,orange,green,SG.svg
Nepal,5,1,140,16,10,4,0,0,3,0,0,1,0,1,0,1,brown,0,0,0,0,2,1,0,0,0,0,blue,blue,SK.svg
Gambia,4,4,10,1,1,5,0,5,4,1,1,1,0,1,0,0,red,0,0,0,0,0,0,0,0,0,0,red,green,SI.svg
Ghana,4,4,239,14,1,5,0,3,4,1,1,0,1,0,1,0,red,0,0,0,0,1,0,0,0,0,0,red,green,SB.svg
Papua New Guinea,6,2,463,3,1,5,0,0,4,1,0,0,1,1,1,0,black,0,0,0,0,5,0,1,0,1,0,red,black,SO.svg
Sierra Leone,4,4,72,3,1,5,0,3,3,0,1,1,0,1,0,0,green,0,0,0,0,0,0,0,0,0,0,green,blue,SS.svg
Benin,4,1,113,11.49,3,5,0,0,2,1,1,0,0,0,0,0,green,0,0,0,0,1,0,0,0,0,0,green,green,ZA.svg
Burkina Faso,4,4,274,7,3,5,0,2,3,1,1,0,1,0,0,0,red,0,0,0,0,1,0,0,0,0,0,red,green,KR.svg
Chad,4,1,1284,4,3,5,3,0,3,1,0,1,1,0,0,0,gold,0,0,0,0,0,0,0,0,0,0,blue,red,ES.svg
Guinea-Bissau,4,4,36,1,6,5,1,2,4,1,1,0,1,0,1,0,gold,0,0,0,0,1,0,0,0,0,0,red,green,LK.svg
Angola,4,2,1247,30.81,10,5,0,2,3,1,0,0,1,0,1,0,red,0,0,0,0,1,0,0,1,0,0,red,black,KN.svg
Botswana,4,2,600,2.254,10,5,0,5,3,0,0,1,0,1,1,0,blue,0,0,0,0,0,0,0,0,0,0,blue,blue,LC.svg
Burundi,4,2,28,4,10,5,0,0,3,1,1,0,0,1,0,0,red,1,0,1,0,3,0,0,0,0,0,white,white,SD.svg
Central African Republic,4,1,623,2,10,5,1,0,5,1,1,1,1,1,0,0,gold,0,0,0,0,1,0,0,0,0,0,blue,gold,SR.svg
Congo,4,2,342,2,10,5,0,0,3,1,1,0,1,0,0,0,red,0,0,0,0,1,0,0,1,1,0,red,red,SZ.svg
Zambia,4,2,753,6,10,5,3,0,4,1,1,0,0,0,1,1,green,0,0,0,0,0,0,0,0,1,0,green,brown,TO.svg
Zimbabwe,4,2,391,8,10,5,0,7,5,1,1,0,1,1,1,0,green,0,0,0,0,1,0,1,1,1,0,green,green,TT.svg
Cuba,1,4,115,10,2,6,0,5,3,1,0,1,0,1,0,0,blue,0,0,0,0,1,0,1,0,0,0,blue,blue,TN.svg
Bulgaria,3,1,111,9,5,6,0,3,5,1,1,1,1,1,0,0,red,0,0,0,0,1,0,0,1,1,0,white,red,TR.svg
Czechoslovakia,3,1,128,15,5,6,0,0,3,1,0,1,0,1,0,0,white,0,0,0,0,0,0,1,0,0,0,white,red,TM.svg
Poland,3,1,313,36,5,6,0,2,2,1,0,0,0,1,0,0,white,0,0,0,0,0,0,0,0,0,0,white,red,TC.svg
USSR,5,1,22402,274,5,6,0,0,2,1,0,0,1,0,0,0,red,0,0,0,0,1,0,0,1,0,0,red,red,TV.svg
Albania,3,1,29,2.86,6,6,0,0,3,1,0,0,1,0,1,0,red,0,0,0,0,1,0,0,0,1,0,red,red,AE.svg
Romania,3,1,237,22,6,6,3,0,7,1,1,1,1,1,0,1,red,0,0,0,0,2,0,0,1,1,1,blue,red,UG.svg
Yugoslavia,3,1,256,22,6,6,0,3,4,1,0,1,1,1,0,0,red,0,0,0,0,1,0,0,0,0,0,blue,red,UA.svg
Vietnam,5,1,333,60,10,6,0,0,2,1,0,0,1,0,0,0,red,0,0,0,0,1,0,0,0,0,0,red,red,SU.svg
Togo,4,1,57,2,3,7,0,5,4,1,1,0,1,1,0,0,green,0,0,0,1,1,0,0,0,0,0,red,green,UZ.svg
Japan,5,1,372,118,9,7,0,0,2,1,0,0,0,1,0,0,white,1,0,0,0,1,0,0,0,0,0,white,white,VU.svg
Israel,5,1,21,4,10,7,0,2,2,0,0,1,0,1,0,0,white,0,0,0,0,1,0,0,0,0,0,blue,blue,VA.svg
South Korea,5,1,99,39,10,7,0,0,4,1,0,1,0,1,1,0,white,1,0,0,0,0,0,0,1,0,0,white,white,VE.svg
Antarctica,,,,0,,7,0,0,2,0,0,1,0,1,0,0,blue,0,0,0,0,0,0,0,1,0,0,blue,blue,VN.svg
Christmas Island,,,,0.001,,7,0,0,4,0,1,1,1,1,0,0,blue,1,0,0,0,5,0,0,0,2,0,green,blue,EH.svg
Czechia,,,,10.65,,7,0,2,3,1,0,1,0,1,0,0,white,0,0,0,0,0,0,1,0,0,0,blue,red,WS.svg
South Sudan,,,,10.98,,7,0,5,6,1,1,1,1,1,1,0,black,0,0,0,0,1,0,1,0,0,0,blue,green,ZW.svg